ENTIDAD,NOM_ENT,MUN,NOM_MUN,LOC,NOM_LOC,AGEB,MZA,POBTOT,POCUPADA,PDESOCUP,CVEGEO
31,Yucatán,79,Tekax,1,Tekax de Álvaro Obregón,25,1,60,35,,3.1079E+15
31,Yucatán,79,Tekax,1,Tekax de Álvaro Obregón,25,2,83,42,0,3.1079E+15
31,Yucatán,79,Tekax,1,Tekax de Álvaro Obregón,25,3,85,45,,3.1079E+15
31,Yucatán,79,Tekax,1,Tekax de Álvaro Obregón,25,4,78,36,0,3.1079E+15
31,Yucatán,79,Tekax,1,Tekax de Álvaro Obregón,25,5,64,36,,3.1079E+15
31,Yucatán,79,Tekax,1,Tekax de Álvaro Obregón,25,6,55,26,0,3.1079E+15
31,Yucatán,79,Tekax,1,Tekax de Álvaro Obregón,25,7,59,31,,3.1079E+15
31,Yucatán,79,Tekax,1,Tekax de Álvaro Obregón,25,8,79,44,,3.1079E+15
31,Yucatán,79,Tekax,1,Tekax de Álvaro Obregón,25,9,44,20,,3.1079E+15
31,Yucatán,79,Tekax,1,Tekax de Álvaro Obregón,25,10,78,43,,3.1079E+15
31,Yucatán,79,Tekax,1,Tekax de Álvaro Obregón,25,11,73,34,0,3.1079E+15
31,Yucatán,79,Tekax,1,Tekax de Álvaro Obregón,25,12,84,42,,3.1079E+15
31,Yucatán,79,Tekax,1,Tekax de Álvaro Obregón,25,13,98,63,0,3.1079E+15
31,Yucatán,79,Tekax,1,Tekax de Álvaro Obregón,25,14,76,34,0,3.1079E+15
31,Yucatán,79,Tekax,1,Tekax de Álvaro Obregón,25,15,73,26,0,3.1079E+15
31,Yucatán,79,Tekax,1,Tekax de Álvaro Obregón,25,16,33,16,0,3.1079E+15
31,Yucatán,79,Tekax,1,Tekax de Álvaro Obregón,25,17,62,24,,3.1079E+15
31,Yucatán,79,Tekax,1,Tekax de Álvaro Obregón,25,18,64,34,0,3.1079E+15
31,Yucatán,79,Tekax,1,Tekax de Álvaro Obregón,25,19,74,37,,3.1079E+15
31,Yucatán,79,Tekax,1,Tekax de Álvaro Obregón,25,20,66,30,0,3.1079E+15
31,Yucatán,79,Tekax,1,Tekax de Álvaro Obregón,25,21,42,15,0,3.1079E+15
31,Yucatán,79,Tekax,1,Tekax de Álvaro Obregón,25,22,61,22,0,3.1079E+15
31,Yucatán,79,Tekax,1,Tekax de Álvaro Obregón,25,23,61,31,0,3.1079E+15
31,Yucatán,79,Tekax,1,Tekax de Álvaro Obregón,25,24,42,20,0,3.1079E+15
31,Yucatán,79,Tekax,1,Tekax de Álvaro Obregón,25,25,71,31,3,3.1079E+15
31,Yucatán,79,Tekax,1,Tekax de Álvaro Obregón,25,26,103,50,,3.1079E+15
31,Yucatán,79,Tekax,1,Tekax de Álvaro Obregón,25,27,93,44,0,3.1079E+15
31,Yucatán,79,Tekax,1,Tekax de Álvaro Obregón,25,28,57,21,0,3.1079E+15
31,Yucatán,79,Tekax,1,Tekax de Álvaro Obregón,25,29,45,22,0,3.1079E+15
31,Yucatán,79,Tekax,1,Tekax de Álvaro Obregón,25,30,35,20,0,3.1079E+15
31,Yucatán,79,Tekax,1,Tekax de Álvaro Obregón,25,31,61,28,0,3.1079E+15
31,Yucatán,79,Tekax,1,Tekax de Álvaro Obregón,25,32,70,26,3,3.1079E+15
31,Yucatán,79,Tekax,1,Tekax de Álvaro Obregón,25,35,54,21,0,3.1079E+15
31,Yucatán,79,Tekax,1,Tekax de Álvaro Obregón,25,36,65,26,0,3.1079E+15
31,Yucatán,79,Tekax,1,Tekax de Álvaro Obregón,25,37,68,29,0,3.1079E+15
31,Yucatán,79,Tekax,1,Tekax de Álvaro Obregón,25,38,103,50,0,3.1079E+15
31,Yucatán,79,Tekax,1,Tekax de Álvaro Obregón,25,39,43,15,0,3.1079E+15
31,Yucatán,79,Tekax,1,Tekax de Álvaro Obregón,25,40,99,28,,3.1079E+15
31,Yucatán,79,Tekax,1,Tekax de Álvaro Obregón,25,41,72,36,,3.1079E+15
31,Yucatán,79,Tekax,1,Tekax de Álvaro Obregón,25,42,88,38,0,3.1079E+15
31,Yucatán,79,Tekax,1,Tekax de Álvaro Obregón,25,43,109,47,,3.1079E+15
31,Yucatán,79,Tekax,1,Tekax de Álvaro Obregón,25,44,169,60,0,3.1079E+15
31,Yucatán,79,Tekax,1,Tekax de Álvaro Obregón,25,47,2,,,3.1079E+15
31,Yucatán,79,Tekax,1,Tekax de Álvaro Obregón,25,48,23,8,0,3.1079E+15
31,Yucatán,79,Tekax,1,Tekax de Álvaro Obregón,25,49,61,25,0,3.1079E+15
31,Yucatán,79,Tekax,1,Tekax de Álvaro Obregón,25,53,6,,,3.1079E+15
31,Yucatán,79,Tekax,1,Tekax de Álvaro Obregón,25,54,0,0,0,3.1079E+15
31,Yucatán,79,Tekax,1,Tekax de Álvaro Obregón,25,56,1,0,0,3.1079E+15
31,Yucatán,79,Tekax,1,Tekax de Álvaro Obregón,25,57,0,0,0,3.1079E+15
31,Yucatán,79,Tekax,1,Tekax de Álvaro Obregón,468,1,45,22,,3.1079E+15
31,Yucatán,79,Tekax,1,Tekax de Álvaro Obregón,468,2,16,8,0,3.1079E+15
31,Yucatán,79,Tekax,1,Tekax de Álvaro Obregón,468,3,76,34,,3.1079E+15
31,Yucatán,79,Tekax,1,Tekax de Álvaro Obregón,468,4,43,23,0,3.1079E+15
31,Yucatán,79,Tekax,1,Tekax de Álvaro Obregón,468,5,46,20,0,3.1079E+15
31,Yucatán,79,Tekax,1,Tekax de Álvaro Obregón,468,6,57,27,0,3.1079E+15
31,Yucatán,79,Tekax,1,Tekax de Álvaro Obregón,468,7,85,48,,3.1079E+15
31,Yucatán,79,Tekax,1,Tekax de Álvaro Obregón,468,8,0,0,0,3.1079E+15
31,Yucatán,79,Tekax,1,Tekax de Álvaro Obregón,468,9,9,,,3.1079E+15
31,Yucatán,79,Tekax,1,Tekax de Álvaro Obregón,468,10,6,,,3.1079E+15
31,Yucatán,79,Tekax,1,Tekax de Álvaro Obregón,468,11,50,26,,3.1079E+15
31,Yucatán,79,Tekax,1,Tekax de Álvaro Obregón,468,12,61,26,0,3.1079E+15
31,Yucatán,79,Tekax,1,Tekax de Álvaro Obregón,468,13,28,15,0,3.1079E+15
31,Yucatán,79,Tekax,1,Tekax de Álvaro Obregón,468,14,46,22,,3.1079E+15
31,Yucatán,79,Tekax,1,Tekax de Álvaro Obregón,468,15,75,28,0,3.1079E+15
31,Yucatán,79,Tekax,1,Tekax de Álvaro Obregón,468,16,107,44,,3.1079E+15
31,Yucatán,79,Tekax,1,Tekax de Álvaro Obregón,468,17,34,14,0,3.1079E+15
31,Yucatán,79,Tekax,1,Tekax de Álvaro Obregón,468,18,89,47,0,3.1079E+15
31,Yucatán,79,Tekax,1,Tekax de Álvaro Obregón,468,19,162,85,0,3.1079E+15
31,Yucatán,79,Tekax,1,Tekax de Álvaro Obregón,468,20,8,,,3.1079E+15
31,Yucatán,79,Tekax,1,Tekax de Álvaro Obregón,468,21,227,53,0,3.1079E+15
31,Yucatán,79,Tekax,1,Tekax de Álvaro Obregón,468,22,0,0,0,3.1079E+15
31,Yucatán,79,Tekax,1,Tekax de Álvaro Obregón,468,23,36,14,0,3.1079E+15
31,Yucatán,79,Tekax,1,Tekax de Álvaro Obregón,468,24,46,21,0,3.1079E+15
31,Yucatán,79,Tekax,1,Tekax de Álvaro Obregón,468,25,59,27,0,3.1079E+15
31,Yucatán,79,Tekax,1,Tekax de Álvaro Obregón,468,26,50,21,0,3.1079E+15
31,Yucatán,79,Tekax,1,Tekax de Álvaro Obregón,468,27,15,7,,3.1079E+15
31,Yucatán,79,Tekax,1,Tekax de Álvaro Obregón,468,28,29,15,0,3.1079E+15
31,Yucatán,79,Tekax,1,Tekax de Álvaro Obregón,468,29,10,5,0,3.1079E+15
31,Yucatán,79,Tekax,1,Tekax de Álvaro Obregón,468,30,18,9,0,3.1079E+15
31,Yucatán,79,Tekax,1,Tekax de Álvaro Obregón,468,31,9,5,0,3.1079E+15
31,Yucatán,79,Tekax,1,Tekax de Álvaro Obregón,468,32,17,10,0,3.1079E+15
31,Yucatán,79,Tekax,1,Tekax de Álvaro Obregón,468,33,6,,,3.1079E+15
31,Yucatán,79,Tekax,1,Tekax de Álvaro Obregón,468,34,4,,,3.1079E+15
31,Yucatán,79,Tekax,1,Tekax de Álvaro Obregón,468,35,12,8,0,3.1079E+15
31,Yucatán,79,Tekax,1,Tekax de Álvaro Obregón,468,37,14,9,0,3.1079E+15
31,Yucatán,79,Tekax,1,Tekax de Álvaro Obregón,468,38,19,4,0,3.1079E+15
31,Yucatán,79,Tekax,1,Tekax de Álvaro Obregón,468,39,40,21,,3.1079E+15
31,Yucatán,79,Tekax,1,Tekax de Álvaro Obregón,468,40,62,34,0,3.1079E+15
31,Yucatán,79,Tekax,1,Tekax de Álvaro Obregón,468,41,44,21,0,3.1079E+15
31,Yucatán,79,Tekax,1,Tekax de Álvaro Obregón,468,42,33,15,0,3.1079E+15
31,Yucatán,79,Tekax,1,Tekax de Álvaro Obregón,468,43,28,11,0,3.1079E+15
31,Yucatán,79,Tekax,1,Tekax de Álvaro Obregón,468,44,38,19,0,3.1079E+15
31,Yucatán,79,Tekax,1,Tekax de Álvaro Obregón,468,45,8,6,0,3.1079E+15
31,Yucatán,79,Tekax,1,Tekax de Álvaro Obregón,468,46,15,7,0,3.1079E+15
31,Yucatán,79,Tekax,1,Tekax de Álvaro Obregón,468,47,10,6,0,3.1079E+15
31,Yucatán,79,Tekax,1,Tekax de Álvaro Obregón,468,48,16,11,0,3.1079E+15
31,Yucatán,79,Tekax,1,Tekax de Álvaro Obregón,468,49,7,4,0,3.1079E+15
31,Yucatán,79,Tekax,1,Tekax de Álvaro Obregón,468,51,4,,,3.1079E+15
31,Yucatán,79,Tekax,1,Tekax de Álvaro Obregón,468,52,18,12,0,3.1079E+15
31,Yucatán,79,Tekax,1,Tekax de Álvaro Obregón,468,53,16,6,0,3.1079E+15
31,Yucatán,79,Tekax,1,Tekax de Álvaro Obregón,468,54,46,24,3,3.1079E+15
31,Yucatán,79,Tekax,1,Tekax de Álvaro Obregón,468,800,0,0,0,3.1079E+15
31,Yucatán,79,Tekax,1,Tekax de Álvaro Obregón,472,1,89,44,0,3.1079E+15
31,Yucatán,79,Tekax,1,Tekax de Álvaro Obregón,472,2,78,29,,3.1079E+15
31,Yucatán,79,Tekax,1,Tekax de Álvaro Obregón,472,3,109,44,0,3.1079E+15
31,Yucatán,79,Tekax,1,Tekax de Álvaro Obregón,472,4,109,52,0,3.1079E+15
31,Yucatán,79,Tekax,1,Tekax de Álvaro Obregón,472,5,27,8,,3.1079E+15
31,Yucatán,79,Tekax,1,Tekax de Álvaro Obregón,472,6,26,11,0,3.1079E+15
31,Yucatán,79,Tekax,1,Tekax de Álvaro Obregón,472,7,101,33,,3.1079E+15
31,Yucatán,79,Tekax,1,Tekax de Álvaro Obregón,472,8,77,27,3,3.1079E+15
31,Yucatán,79,Tekax,1,Tekax de Álvaro Obregón,472,9,105,47,0,3.1079E+15
31,Yucatán,79,Tekax,1,Tekax de Álvaro Obregón,472,10,76,35,0,3.1079E+15
31,Yucatán,79,Tekax,1,Tekax de Álvaro Obregón,472,11,56,28,0,3.1079E+15
31,Yucatán,79,Tekax,1,Tekax de Álvaro Obregón,472,12,89,37,0,3.1079E+15
31,Yucatán,79,Tekax,1,Tekax de Álvaro Obregón,472,13,70,27,,3.1079E+15
31,Yucatán,79,Tekax,1,Tekax de Álvaro Obregón,472,14,109,50,0,3.1079E+15
31,Yucatán,79,Tekax,1,Tekax de Álvaro Obregón,472,15,63,37,0,3.1079E+15
31,Yucatán,79,Tekax,1,Tekax de Álvaro Obregón,472,16,42,24,0,3.1079E+15
31,Yucatán,79,Tekax,1,Tekax de Álvaro Obregón,472,17,47,19,,3.1079E+15
31,Yucatán,79,Tekax,1,Tekax de Álvaro Obregón,472,18,65,23,,3.1079E+15
31,Yucatán,79,Tekax,1,Tekax de Álvaro Obregón,472,19,77,28,,3.1079E+15
31,Yucatán,79,Tekax,1,Tekax de Álvaro Obregón,472,20,77,34,0,3.1079E+15
31,Yucatán,79,Tekax,1,Tekax de Álvaro Obregón,472,21,90,45,3,3.1079E+15
31,Yucatán,79,Tekax,1,Tekax de Álvaro Obregón,472,22,72,35,0,3.1079E+15
31,Yucatán,79,Tekax,1,Tekax de Álvaro Obregón,472,23,0,0,0,3.1079E+15
31,Yucatán,79,Tekax,1,Tekax de Álvaro Obregón,472,24,32,12,0,3.1079E+15
31,Yucatán,79,Tekax,1,Tekax de Álvaro Obregón,472,25,41,18,,3.1079E+15
31,Yucatán,79,Tekax,1,Tekax de Álvaro Obregón,472,26,63,29,0,3.1079E+15
31,Yucatán,79,Tekax,1,Tekax de Álvaro Obregón,472,27,32,14,0,3.1079E+15
31,Yucatán,79,Tekax,1,Tekax de Álvaro Obregón,472,28,21,10,0,3.1079E+15
31,Yucatán,79,Tekax,1,Tekax de Álvaro Obregón,472,29,40,10,0,3.1079E+15
31,Yucatán,79,Tekax,1,Tekax de Álvaro Obregón,472,30,35,20,0,3.1079E+15
31,Yucatán,79,Tekax,1,Tekax de Álvaro Obregón,472,31,0,0,0,3.1079E+15
31,Yucatán,79,Tekax,1,Tekax de Álvaro Obregón,472,32,33,11,0,3.1079E+15
31,Yucatán,79,Tekax,1,Tekax de Álvaro Obregón,472,33,24,10,0,3.1079E+15
31,Yucatán,79,Tekax,1,Tekax de Álvaro Obregón,472,35,32,14,0,3.1079E+15
31,Yucatán,79,Tekax,1,Tekax de Álvaro Obregón,472,36,10,,,3.1079E+15
31,Yucatán,79,Tekax,1,Tekax de Álvaro Obregón,472,37,102,35,0,3.1079E+15
31,Yucatán,79,Tekax,1,Tekax de Álvaro Obregón,472,38,115,49,,3.1079E+15
31,Yucatán,79,Tekax,1,Tekax de Álvaro Obregón,472,39,31,16,0,3.1079E+15
31,Yucatán,79,Tekax,1,Tekax de Álvaro Obregón,472,40,19,11,0,3.1079E+15
31,Yucatán,79,Tekax,1,Tekax de Álvaro Obregón,472,41,50,19,,3.1079E+15
31,Yucatán,79,Tekax,1,Tekax de Álvaro Obregón,472,42,44,17,,3.1079E+15
31,Yucatán,79,Tekax,1,Tekax de Álvaro Obregón,472,43,50,19,0,3.1079E+15
31,Yucatán,79,Tekax,1,Tekax de Álvaro Obregón,472,44,118,52,0,3.1079E+15
31,Yucatán,79,Tekax,1,Tekax de Álvaro Obregón,472,45,67,25,,3.1079E+15
31,Yucatán,79,Tekax,1,Tekax de Álvaro Obregón,472,46,52,29,,3.1079E+15
31,Yucatán,79,Tekax,1,Tekax de Álvaro Obregón,472,52,12,6,0,3.1079E+15
31,Yucatán,79,Tekax,1,Tekax de Álvaro Obregón,472,53,14,3,0,3.1079E+15
31,Yucatán,79,Tekax,1,Tekax de Álvaro Obregón,472,54,11,4,0,3.1079E+15
31,Yucatán,79,Tekax,1,Tekax de Álvaro Obregón,472,55,17,8,0,3.1079E+15
31,Yucatán,79,Tekax,1,Tekax de Álvaro Obregón,472,56,43,22,0,3.1079E+15
31,Yucatán,79,Tekax,1,Tekax de Álvaro Obregón,472,57,27,14,0,3.1079E+15
31,Yucatán,79,Tekax,1,Tekax de Álvaro Obregón,472,58,42,15,,3.1079E+15
31,Yucatán,79,Tekax,1,Tekax de Álvaro Obregón,472,59,0,0,0,3.1079E+15
31,Yucatán,79,Tekax,1,Tekax de Álvaro Obregón,487,1,67,13,12,3.1079E+15
31,Yucatán,79,Tekax,1,Tekax de Álvaro Obregón,487,2,63,35,0,3.1079E+15
31,Yucatán,79,Tekax,1,Tekax de Álvaro Obregón,487,3,107,51,,3.1079E+15
31,Yucatán,79,Tekax,1,Tekax de Álvaro Obregón,487,4,96,44,0,3.1079E+15
31,Yucatán,79,Tekax,1,Tekax de Álvaro Obregón,487,5,55,35,0,3.1079E+15
31,Yucatán,79,Tekax,1,Tekax de Álvaro Obregón,487,6,91,47,0,3.1079E+15
31,Yucatán,79,Tekax,1,Tekax de Álvaro Obregón,487,7,140,74,0,3.1079E+15
31,Yucatán,79,Tekax,1,Tekax de Álvaro Obregón,487,8,91,26,11,3.1079E+15
31,Yucatán,79,Tekax,1,Tekax de Álvaro Obregón,487,9,78,24,,3.1079E+15
31,Yucatán,79,Tekax,1,Tekax de Álvaro Obregón,487,10,69,27,0,3.1079E+15
31,Yucatán,79,Tekax,1,Tekax de Álvaro Obregón,487,11,47,23,0,3.1079E+15
31,Yucatán,79,Tekax,1,Tekax de Álvaro Obregón,487,12,80,39,0,3.1079E+15
31,Yucatán,79,Tekax,1,Tekax de Álvaro Obregón,487,13,104,54,0,3.1079E+15
31,Yucatán,79,Tekax,1,Tekax de Álvaro Obregón,487,14,0,0,0,3.1079E+15
31,Yucatán,79,Tekax,1,Tekax de Álvaro Obregón,487,15,64,39,0,3.1079E+15
31,Yucatán,79,Tekax,1,Tekax de Álvaro Obregón,487,16,83,37,0,3.1079E+15
31,Yucatán,79,Tekax,1,Tekax de Álvaro Obregón,487,17,76,36,0,3.1079E+15
31,Yucatán,79,Tekax,1,Tekax de Álvaro Obregón,487,18,108,63,0,3.1079E+15
31,Yucatán,79,Tekax,1,Tekax de Álvaro Obregón,487,19,70,43,0,3.1079E+15
31,Yucatán,79,Tekax,1,Tekax de Álvaro Obregón,487,20,15,14,0,3.1079E+15
31,Yucatán,79,Tekax,1,Tekax de Álvaro Obregón,487,21,95,49,0,3.1079E+15
31,Yucatán,79,Tekax,1,Tekax de Álvaro Obregón,487,22,52,27,0,3.1079E+15
31,Yucatán,79,Tekax,1,Tekax de Álvaro Obregón,487,23,86,47,0,3.1079E+15
31,Yucatán,79,Tekax,1,Tekax de Álvaro Obregón,487,24,66,37,0,3.1079E+15
31,Yucatán,79,Tekax,1,Tekax de Álvaro Obregón,487,25,46,22,,3.1079E+15
31,Yucatán,79,Tekax,1,Tekax de Álvaro Obregón,487,26,78,32,0,3.1079E+15
31,Yucatán,79,Tekax,1,Tekax de Álvaro Obregón,487,27,82,34,0,3.1079E+15
31,Yucatán,79,Tekax,1,Tekax de Álvaro Obregón,487,29,39,12,0,3.1079E+15
31,Yucatán,79,Tekax,1,Tekax de Álvaro Obregón,487,30,88,50,0,3.1079E+15
31,Yucatán,79,Tekax,1,Tekax de Álvaro Obregón,487,31,160,64,0,3.1079E+15
31,Yucatán,79,Tekax,1,Tekax de Álvaro Obregón,487,32,83,27,0,3.1079E+15
31,Yucatán,79,Tekax,1,Tekax de Álvaro Obregón,487,33,0,0,0,3.1079E+15
31,Yucatán,79,Tekax,1,Tekax de Álvaro Obregón,487,35,73,28,0,3.1079E+15
31,Yucatán,79,Tekax,1,Tekax de Álvaro Obregón,487,36,24,11,0,3.1079E+15
31,Yucatán,79,Tekax,1,Tekax de Álvaro Obregón,487,37,35,11,0,3.1079E+15
31,Yucatán,79,Tekax,1,Tekax de Álvaro Obregón,487,38,17,5,0,3.1079E+15
31,Yucatán,79,Tekax,1,Tekax de Álvaro Obregón,487,39,35,16,0,3.1079E+15
31,Yucatán,79,Tekax,1,Tekax de Álvaro Obregón,487,40,54,22,0,3.1079E+15
31,Yucatán,79,Tekax,1,Tekax de Álvaro Obregón,487,41,60,26,0,3.1079E+15
31,Yucatán,79,Tekax,1,Tekax de Álvaro Obregón,487,42,12,4,0,3.1079E+15
31,Yucatán,79,Tekax,1,Tekax de Álvaro Obregón,487,43,20,8,0,3.1079E+15
31,Yucatán,79,Tekax,1,Tekax de Álvaro Obregón,487,44,0,0,0,3.1079E+15
31,Yucatán,79,Tekax,1,Tekax de Álvaro Obregón,487,46,2,,,3.1079E+15
31,Yucatán,79,Tekax,1,Tekax de Álvaro Obregón,487,47,37,16,0,3.1079E+15
31,Yucatán,79,Tekax,1,Tekax de Álvaro Obregón,487,48,0,0,0,3.1079E+15
31,Yucatán,79,Tekax,1,Tekax de Álvaro Obregón,487,49,5,,,3.1079E+15
31,Yucatán,79,Tekax,1,Tekax de Álvaro Obregón,487,50,0,0,0,3.1079E+15
31,Yucatán,79,Tekax,1,Tekax de Álvaro Obregón,487,800,10,,,3.1079E+15
31,Yucatán,79,Tekax,1,Tekax de Álvaro Obregón,491,1,88,40,0,3.1079E+15
31,Yucatán,79,Tekax,1,Tekax de Álvaro Obregón,491,2,16,4,0,3.1079E+15
31,Yucatán,79,Tekax,1,Tekax de Álvaro Obregón,491,3,7,,,3.1079E+15
31,Yucatán,79,Tekax,1,Tekax de Álvaro Obregón,491,4,0,0,0,3.1079E+15
31,Yucatán,79,Tekax,1,Tekax de Álvaro Obregón,491,5,7,,,3.1079E+15
31,Yucatán,79,Tekax,1,Tekax de Álvaro Obregón,491,6,3,,,3.1079E+15
31,Yucatán,79,Tekax,1,Tekax de Álvaro Obregón,491,7,61,27,,3.1079E+15
31,Yucatán,79,Tekax,1,Tekax de Álvaro Obregón,491,8,43,19,0,3.1079E+15
31,Yucatán,79,Tekax,1,Tekax de Álvaro Obregón,491,9,59,35,0,3.1079E+15
31,Yucatán,79,Tekax,1,Tekax de Álvaro Obregón,491,10,58,28,0,3.1079E+15
31,Yucatán,79,Tekax,1,Tekax de Álvaro Obregón,491,11,62,20,,3.1079E+15
31,Yucatán,79,Tekax,1,Tekax de Álvaro Obregón,491,12,45,22,0,3.1079E+15
31,Yucatán,79,Tekax,1,Tekax de Álvaro Obregón,491,13,25,10,0,3.1079E+15
31,Yucatán,79,Tekax,1,Tekax de Álvaro Obregón,491,14,0,0,0,3.1079E+15
31,Yucatán,79,Tekax,1,Tekax de Álvaro Obregón,491,16,17,9,0,3.1079E+15
31,Yucatán,79,Tekax,1,Tekax de Álvaro Obregón,491,17,38,16,0,3.1079E+15
31,Yucatán,79,Tekax,1,Tekax de Álvaro Obregón,491,18,49,18,,3.1079E+15
31,Yucatán,79,Tekax,1,Tekax de Álvaro Obregón,491,19,21,9,0,3.1079E+15
31,Yucatán,79,Tekax,1,Tekax de Álvaro Obregón,491,20,42,16,0,3.1079E+15
31,Yucatán,79,Tekax,1,Tekax de Álvaro Obregón,491,21,84,40,,3.1079E+15
31,Yucatán,79,Tekax,1,Tekax de Álvaro Obregón,491,22,61,27,0,3.1079E+15
31,Yucatán,79,Tekax,1,Tekax de Álvaro Obregón,491,23,70,28,,3.1079E+15
31,Yucatán,79,Tekax,1,Tekax de Álvaro Obregón,491,24,72,34,,3.1079E+15
31,Yucatán,79,Tekax,1,Tekax de Álvaro Obregón,491,25,63,25,0,3.1079E+15
31,Yucatán,79,Tekax,1,Tekax de Álvaro Obregón,491,26,106,54,,3.1079E+15
31,Yucatán,79,Tekax,1,Tekax de Álvaro Obregón,491,27,34,13,0,3.1079E+15
31,Yucatán,79,Tekax,1,Tekax de Álvaro Obregón,491,28,92,34,0,3.1079E+15
31,Yucatán,79,Tekax,1,Tekax de Álvaro Obregón,491,29,76,26,0,3.1079E+15
31,Yucatán,79,Tekax,1,Tekax de Álvaro Obregón,491,30,36,17,,3.1079E+15
31,Yucatán,79,Tekax,1,Tekax de Álvaro Obregón,491,31,36,19,0,3.1079E+15
31,Yucatán,79,Tekax,1,Tekax de Álvaro Obregón,491,32,29,11,0,3.1079E+15
31,Yucatán,79,Tekax,1,Tekax de Álvaro Obregón,491,33,0,0,0,3.1079E+15
31,Yucatán,79,Tekax,1,Tekax de Álvaro Obregón,491,34,0,0,0,3.1079E+15
31,Yucatán,79,Tekax,1,Tekax de Álvaro Obregón,491,36,50,20,0,3.1079E+15
31,Yucatán,79,Tekax,1,Tekax de Álvaro Obregón,491,37,65,32,0,3.1079E+15
31,Yucatán,79,Tekax,1,Tekax de Álvaro Obregón,491,38,41,19,0,3.1079E+15
31,Yucatán,79,Tekax,1,Tekax de Álvaro Obregón,491,40,0,0,0,3.1079E+15
31,Yucatán,79,Tekax,1,Tekax de Álvaro Obregón,491,43,8,5,0,3.1079E+15
31,Yucatán,79,Tekax,1,Tekax de Álvaro Obregón,504,1,82,14,8,3.1079E+15
31,Yucatán,79,Tekax,1,Tekax de Álvaro Obregón,504,2,70,31,0,3.1079E+15
31,Yucatán,79,Tekax,1,Tekax de Álvaro Obregón,504,3,84,38,0,3.1079E+15
31,Yucatán,79,Tekax,1,Tekax de Álvaro Obregón,504,5,71,34,0,3.1079E+15
31,Yucatán,79,Tekax,1,Tekax de Álvaro Obregón,504,7,117,47,,3.1079E+15
31,Yucatán,79,Tekax,1,Tekax de Álvaro Obregón,504,8,90,42,0,3.1079E+15
31,Yucatán,79,Tekax,1,Tekax de Álvaro Obregón,504,9,0,0,0,3.1079E+15
31,Yucatán,79,Tekax,1,Tekax de Álvaro Obregón,504,10,72,26,0,3.1079E+15
31,Yucatán,79,Tekax,1,Tekax de Álvaro Obregón,504,11,98,40,0,3.1079E+15
31,Yucatán,79,Tekax,1,Tekax de Álvaro Obregón,504,12,87,33,0,3.1079E+15
31,Yucatán,79,Tekax,1,Tekax de Álvaro Obregón,504,13,27,15,0,3.1079E+15
31,Yucatán,79,Tekax,1,Tekax de Álvaro Obregón,504,14,70,36,0,3.1079E+15
31,Yucatán,79,Tekax,1,Tekax de Álvaro Obregón,504,15,47,17,0,3.1079E+15
31,Yucatán,79,Tekax,1,Tekax de Álvaro Obregón,504,16,57,22,0,3.1079E+15
31,Yucatán,79,Tekax,1,Tekax de Álvaro Obregón,504,18,50,17,0,3.1079E+15
31,Yucatán,79,Tekax,1,Tekax de Álvaro Obregón,504,19,74,30,,3.1079E+15
31,Yucatán,79,Tekax,1,Tekax de Álvaro Obregón,504,20,58,27,0,3.1079E+15
31,Yucatán,79,Tekax,1,Tekax de Álvaro Obregón,504,21,95,40,0,3.1079E+15
31,Yucatán,79,Tekax,1,Tekax de Álvaro Obregón,504,22,87,50,0,3.1079E+15
31,Yucatán,79,Tekax,1,Tekax de Álvaro Obregón,504,23,74,34,0,3.1079E+15
31,Yucatán,79,Tekax,1,Tekax de Álvaro Obregón,504,24,69,32,0,3.1079E+15
31,Yucatán,79,Tekax,1,Tekax de Álvaro Obregón,504,25,36,15,0,3.1079E+15
31,Yucatán,79,Tekax,1,Tekax de Álvaro Obregón,504,26,67,27,0,3.1079E+15
31,Yucatán,79,Tekax,1,Tekax de Álvaro Obregón,504,27,40,15,0,3.1079E+15
31,Yucatán,79,Tekax,1,Tekax de Álvaro Obregón,504,28,101,51,0,3.1079E+15
31,Yucatán,79,Tekax,1,Tekax de Álvaro Obregón,504,29,130,68,0,3.1079E+15
31,Yucatán,79,Tekax,1,Tekax de Álvaro Obregón,504,30,103,59,0,3.1079E+15
31,Yucatán,79,Tekax,1,Tekax de Álvaro Obregón,504,31,54,24,0,3.1079E+15
31,Yucatán,79,Tekax,1,Tekax de Álvaro Obregón,504,32,76,35,0,3.1079E+15
31,Yucatán,79,Tekax,1,Tekax de Álvaro Obregón,504,33,22,10,0,3.1079E+15
31,Yucatán,79,Tekax,1,Tekax de Álvaro Obregón,504,34,26,15,0,3.1079E+15
31,Yucatán,79,Tekax,1,Tekax de Álvaro Obregón,504,35,28,16,0,3.1079E+15
31,Yucatán,79,Tekax,1,Tekax de Álvaro Obregón,504,36,25,14,0,3.1079E+15
31,Yucatán,79,Tekax,1,Tekax de Álvaro Obregón,504,37,4,,,3.1079E+15
31,Yucatán,79,Tekax,1,Tekax de Álvaro Obregón,504,38,19,6,0,3.1079E+15
31,Yucatán,79,Tekax,1,Tekax de Álvaro Obregón,504,39,6,,,3.1079E+15
31,Yucatán,79,Tekax,1,Tekax de Álvaro Obregón,504,40,9,,,3.1079E+15
31,Yucatán,79,Tekax,1,Tekax de Álvaro Obregón,504,41,0,0,0,3.1079E+15
31,Yucatán,79,Tekax,1,Tekax de Álvaro Obregón,504,42,11,,,3.1079E+15
31,Yucatán,79,Tekax,1,Tekax de Álvaro Obregón,504,43,7,,,3.1079E+15
31,Yucatán,79,Tekax,1,Tekax de Álvaro Obregón,519,1,46,24,0,3.1079E+15
31,Yucatán,79,Tekax,1,Tekax de Álvaro Obregón,519,2,24,9,0,3.1079E+15
31,Yucatán,79,Tekax,1,Tekax de Álvaro Obregón,519,3,40,18,0,3.1079E+15
31,Yucatán,79,Tekax,1,Tekax de Álvaro Obregón,519,4,31,17,0,3.1079E+15
31,Yucatán,79,Tekax,1,Tekax de Álvaro Obregón,519,5,40,15,0,3.1079E+15
31,Yucatán,79,Tekax,1,Tekax de Álvaro Obregón,519,6,41,21,0,3.1079E+15
31,Yucatán,79,Tekax,1,Tekax de Álvaro Obregón,519,7,49,24,0,3.1079E+15
31,Yucatán,79,Tekax,1,Tekax de Álvaro Obregón,519,8,87,45,0,3.1079E+15
31,Yucatán,79,Tekax,1,Tekax de Álvaro Obregón,519,9,52,20,0,3.1079E+15
31,Yucatán,79,Tekax,1,Tekax de Álvaro Obregón,519,10,34,21,0,3.1079E+15
31,Yucatán,79,Tekax,1,Tekax de Álvaro Obregón,519,11,17,11,0,3.1079E+15
31,Yucatán,79,Tekax,1,Tekax de Álvaro Obregón,519,12,35,12,0,3.1079E+15
31,Yucatán,79,Tekax,1,Tekax de Álvaro Obregón,519,13,51,23,0,3.1079E+15
31,Yucatán,79,Tekax,1,Tekax de Álvaro Obregón,519,14,65,34,0,3.1079E+15
31,Yucatán,79,Tekax,1,Tekax de Álvaro Obregón,519,15,55,23,0,3.1079E+15
31,Yucatán,79,Tekax,1,Tekax de Álvaro Obregón,519,16,55,22,0,3.1079E+15
31,Yucatán,79,Tekax,1,Tekax de Álvaro Obregón,519,17,46,18,0,3.1079E+15
31,Yucatán,79,Tekax,1,Tekax de Álvaro Obregón,519,18,51,25,0,3.1079E+15
31,Yucatán,79,Tekax,1,Tekax de Álvaro Obregón,519,19,63,30,,3.1079E+15
31,Yucatán,79,Tekax,1,Tekax de Álvaro Obregón,519,20,65,25,,3.1079E+15
31,Yucatán,79,Tekax,1,Tekax de Álvaro Obregón,519,21,69,27,0,3.1079E+15
31,Yucatán,79,Tekax,1,Tekax de Álvaro Obregón,519,22,40,18,0,3.1079E+15
31,Yucatán,79,Tekax,1,Tekax de Álvaro Obregón,519,23,65,25,0,3.1079E+15
31,Yucatán,79,Tekax,1,Tekax de Álvaro Obregón,519,24,28,16,0,3.1079E+15
31,Yucatán,79,Tekax,1,Tekax de Álvaro Obregón,519,25,80,43,0,3.1079E+15
31,Yucatán,79,Tekax,1,Tekax de Álvaro Obregón,519,26,96,55,0,3.1079E+15
31,Yucatán,79,Tekax,1,Tekax de Álvaro Obregón,519,27,65,27,0,3.1079E+15
31,Yucatán,79,Tekax,1,Tekax de Álvaro Obregón,519,28,20,8,0,3.1079E+15
31,Yucatán,79,Tekax,1,Tekax de Álvaro Obregón,523,1,96,48,0,3.1079E+15
31,Yucatán,79,Tekax,1,Tekax de Álvaro Obregón,523,2,95,49,0,3.1079E+15
31,Yucatán,79,Tekax,1,Tekax de Álvaro Obregón,523,3,66,33,0,3.1079E+15
31,Yucatán,79,Tekax,1,Tekax de Álvaro Obregón,523,4,43,21,,3.1079E+15
31,Yucatán,79,Tekax,1,Tekax de Álvaro Obregón,523,5,79,36,0,3.1079E+15
31,Yucatán,79,Tekax,1,Tekax de Álvaro Obregón,523,6,72,28,,3.1079E+15
31,Yucatán,79,Tekax,1,Tekax de Álvaro Obregón,523,7,73,33,0,3.1079E+15
31,Yucatán,79,Tekax,1,Tekax de Álvaro Obregón,523,8,74,20,,3.1079E+15
31,Yucatán,79,Tekax,1,Tekax de Álvaro Obregón,523,9,100,42,0,3.1079E+15
31,Yucatán,79,Tekax,1,Tekax de Álvaro Obregón,523,10,5,,,3.1079E+15
31,Yucatán,79,Tekax,1,Tekax de Álvaro Obregón,523,11,89,37,0,3.1079E+15
31,Yucatán,79,Tekax,1,Tekax de Álvaro Obregón,523,12,57,24,0,3.1079E+15
31,Yucatán,79,Tekax,1,Tekax de Álvaro Obregón,523,13,40,16,0,3.1079E+15
31,Yucatán,79,Tekax,1,Tekax de Álvaro Obregón,523,14,45,18,0,3.1079E+15
31,Yucatán,79,Tekax,1,Tekax de Álvaro Obregón,523,15,39,18,0,3.1079E+15
31,Yucatán,79,Tekax,1,Tekax de Álvaro Obregón,523,16,102,48,0,3.1079E+15
31,Yucatán,79,Tekax,1,Tekax de Álvaro Obregón,523,17,89,36,0,3.1079E+15
31,Yucatán,79,Tekax,1,Tekax de Álvaro Obregón,523,18,74,41,0,3.1079E+15
31,Yucatán,79,Tekax,1,Tekax de Álvaro Obregón,523,19,73,37,0,3.1079E+15
31,Yucatán,79,Tekax,1,Tekax de Álvaro Obregón,523,20,83,34,0,3.1079E+15
31,Yucatán,79,Tekax,1,Tekax de Álvaro Obregón,523,21,47,19,0,3.1079E+15
31,Yucatán,79,Tekax,1,Tekax de Álvaro Obregón,523,22,0,0,0,3.1079E+15
31,Yucatán,79,Tekax,1,Tekax de Álvaro Obregón,523,23,98,33,0,3.1079E+15
31,Yucatán,79,Tekax,1,Tekax de Álvaro Obregón,523,24,117,71,0,3.1079E+15
31,Yucatán,79,Tekax,1,Tekax de Álvaro Obregón,523,25,74,32,0,3.1079E+15
31,Yucatán,79,Tekax,1,Tekax de Álvaro Obregón,538,1,77,37,0,3.1079E+15
31,Yucatán,79,Tekax,1,Tekax de Álvaro Obregón,538,2,54,30,0,3.1079E+15
31,Yucatán,79,Tekax,1,Tekax de Álvaro Obregón,538,3,72,33,0,3.1079E+15
31,Yucatán,79,Tekax,1,Tekax de Álvaro Obregón,538,4,65,29,0,3.1079E+15
31,Yucatán,79,Tekax,1,Tekax de Álvaro Obregón,538,5,31,18,0,3.1079E+15
31,Yucatán,79,Tekax,1,Tekax de Álvaro Obregón,538,6,50,16,0,3.1079E+15
31,Yucatán,79,Tekax,1,Tekax de Álvaro Obregón,538,7,0,0,0,3.1079E+15
31,Yucatán,79,Tekax,1,Tekax de Álvaro Obregón,538,8,97,54,0,3.1079E+15
31,Yucatán,79,Tekax,1,Tekax de Álvaro Obregón,538,9,75,43,0,3.1079E+15
31,Yucatán,79,Tekax,1,Tekax de Álvaro Obregón,538,10,24,12,0,3.1079E+15
31,Yucatán,79,Tekax,1,Tekax de Álvaro Obregón,538,11,34,16,0,3.1079E+15
31,Yucatán,79,Tekax,1,Tekax de Álvaro Obregón,538,12,72,38,0,3.1079E+15
31,Yucatán,79,Tekax,1,Tekax de Álvaro Obregón,538,13,107,48,0,3.1079E+15
31,Yucatán,79,Tekax,1,Tekax de Álvaro Obregón,538,14,104,32,,3.1079E+15
31,Yucatán,79,Tekax,1,Tekax de Álvaro Obregón,538,15,61,30,,3.1079E+15
31,Yucatán,79,Tekax,1,Tekax de Álvaro Obregón,538,16,84,34,0,3.1079E+15
31,Yucatán,79,Tekax,1,Tekax de Álvaro Obregón,538,17,57,38,0,3.1079E+15
31,Yucatán,79,Tekax,1,Tekax de Álvaro Obregón,538,18,57,28,0,3.1079E+15
31,Yucatán,79,Tekax,1,Tekax de Álvaro Obregón,538,19,14,7,0,3.1079E+15
31,Yucatán,79,Tekax,1,Tekax de Álvaro Obregón,538,20,61,28,0,3.1079E+15
31,Yucatán,79,Tekax,1,Tekax de Álvaro Obregón,538,21,52,25,0,3.1079E+15
31,Yucatán,79,Tekax,1,Tekax de Álvaro Obregón,538,22,30,13,0,3.1079E+15
31,Yucatán,79,Tekax,1,Tekax de Álvaro Obregón,538,23,47,4,6,3.1079E+15
31,Yucatán,79,Tekax,1,Tekax de Álvaro Obregón,538,24,28,10,0,3.1079E+15
31,Yucatán,79,Tekax,1,Tekax de Álvaro Obregón,538,25,67,27,0,3.1079E+15
31,Yucatán,79,Tekax,1,Tekax de Álvaro Obregón,538,26,31,11,0,3.1079E+15
31,Yucatán,79,Tekax,1,Tekax de Álvaro Obregón,538,27,19,6,0,3.1079E+15
31,Yucatán,79,Tekax,1,Tekax de Álvaro Obregón,538,28,18,7,0,3.1079E+15
31,Yucatán,79,Tekax,1,Tekax de Álvaro Obregón,538,29,0,0,0,3.1079E+15
31,Yucatán,79,Tekax,1,Tekax de Álvaro Obregón,542,1,30,10,0,3.1079E+15
31,Yucatán,79,Tekax,1,Tekax de Álvaro Obregón,542,2,142,67,0,3.1079E+15
31,Yucatán,79,Tekax,1,Tekax de Álvaro Obregón,542,3,69,40,0,3.1079E+15
31,Yucatán,79,Tekax,1,Tekax de Álvaro Obregón,542,4,28,13,0,3.1079E+15
31,Yucatán,79,Tekax,1,Tekax de Álvaro Obregón,542,5,71,36,0,3.1079E+15
31,Yucatán,79,Tekax,1,Tekax de Álvaro Obregón,542,6,73,28,0,3.1079E+15
31,Yucatán,79,Tekax,1,Tekax de Álvaro Obregón,542,7,77,35,0,3.1079E+15
31,Yucatán,79,Tekax,1,Tekax de Álvaro Obregón,542,8,64,28,0,3.1079E+15
31,Yucatán,79,Tekax,1,Tekax de Álvaro Obregón,542,9,108,54,0,3.1079E+15
31,Yucatán,79,Tekax,1,Tekax de Álvaro Obregón,542,10,158,67,3,3.1079E+15
31,Yucatán,79,Tekax,1,Tekax de Álvaro Obregón,542,11,92,36,0,3.1079E+15
31,Yucatán,79,Tekax,1,Tekax de Álvaro Obregón,542,12,99,51,0,3.1079E+15
31,Yucatán,79,Tekax,1,Tekax de Álvaro Obregón,542,13,83,40,0,3.1079E+15
31,Yucatán,79,Tekax,1,Tekax de Álvaro Obregón,542,14,88,40,0,3.1079E+15
31,Yucatán,79,Tekax,1,Tekax de Álvaro Obregón,542,15,54,23,0,3.1079E+15
31,Yucatán,79,Tekax,1,Tekax de Álvaro Obregón,542,16,59,29,0,3.1079E+15
31,Yucatán,79,Tekax,1,Tekax de Álvaro Obregón,542,17,66,31,0,3.1079E+15
31,Yucatán,79,Tekax,1,Tekax de Álvaro Obregón,542,18,69,28,0,3.1079E+15
31,Yucatán,79,Tekax,1,Tekax de Álvaro Obregón,542,19,77,34,0,3.1079E+15
31,Yucatán,79,Tekax,1,Tekax de Álvaro Obregón,542,20,108,49,,3.1079E+15
31,Yucatán,79,Tekax,1,Tekax de Álvaro Obregón,542,21,102,44,0,3.1079E+15
31,Yucatán,79,Tekax,1,Tekax de Álvaro Obregón,542,22,163,57,0,3.1079E+15
31,Yucatán,79,Tekax,1,Tekax de Álvaro Obregón,542,23,76,31,0,3.1079E+15
31,Yucatán,79,Tekax,1,Tekax de Álvaro Obregón,542,24,85,39,0,3.1079E+15
31,Yucatán,79,Tekax,1,Tekax de Álvaro Obregón,542,25,106,50,0,3.1079E+15
31,Yucatán,79,Tekax,1,Tekax de Álvaro Obregón,542,26,152,70,0,3.1079E+15
31,Yucatán,79,Tekax,1,Tekax de Álvaro Obregón,542,27,68,34,0,3.1079E+15
31,Yucatán,79,Tekax,1,Tekax de Álvaro Obregón,542,28,69,31,0,3.1079E+15
31,Yucatán,79,Tekax,1,Tekax de Álvaro Obregón,542,29,100,43,0,3.1079E+15
31,Yucatán,79,Tekax,1,Tekax de Álvaro Obregón,542,30,38,22,0,3.1079E+15
31,Yucatán,79,Tekax,1,Tekax de Álvaro Obregón,542,31,94,41,0,3.1079E+15
31,Yucatán,79,Tekax,1,Tekax de Álvaro Obregón,542,32,100,45,,3.1079E+15
31,Yucatán,79,Tekax,1,Tekax de Álvaro Obregón,542,33,118,47,0,3.1079E+15
31,Yucatán,79,Tekax,1,Tekax de Álvaro Obregón,542,34,66,36,0,3.1079E+15
31,Yucatán,79,Tekax,1,Tekax de Álvaro Obregón,542,35,92,46,0,3.1079E+15
31,Yucatán,79,Tekax,1,Tekax de Álvaro Obregón,542,36,44,19,0,3.1079E+15
31,Yucatán,79,Tekax,1,Tekax de Álvaro Obregón,542,37,51,27,0,3.1079E+15
31,Yucatán,79,Tekax,1,Tekax de Álvaro Obregón,542,38,23,5,0,3.1079E+15
31,Yucatán,79,Tekax,1,Tekax de Álvaro Obregón,542,39,71,32,,3.1079E+15
31,Yucatán,79,Tekax,1,Tekax de Álvaro Obregón,542,40,63,29,0,3.1079E+15
31,Yucatán,79,Tekax,1,Tekax de Álvaro Obregón,542,41,39,23,0,3.1079E+15
31,Yucatán,79,Tekax,1,Tekax de Álvaro Obregón,542,42,123,62,0,3.1079E+15
31,Yucatán,79,Tekax,1,Tekax de Álvaro Obregón,542,43,104,35,0,3.1079E+15
31,Yucatán,79,Tekax,1,Tekax de Álvaro Obregón,542,44,70,25,0,3.1079E+15
31,Yucatán,79,Tekax,1,Tekax de Álvaro Obregón,542,45,80,34,0,3.1079E+15
31,Yucatán,79,Tekax,1,Tekax de Álvaro Obregón,542,46,74,31,0,3.1079E+15
31,Yucatán,79,Tekax,1,Tekax de Álvaro Obregón,542,47,105,34,0,3.1079E+15
31,Yucatán,79,Tekax,1,Tekax de Álvaro Obregón,542,48,108,53,0,3.1079E+15
31,Yucatán,79,Tekax,1,Tekax de Álvaro Obregón,542,49,52,26,0,3.1079E+15
31,Yucatán,79,Tekax,1,Tekax de Álvaro Obregón,557,1,64,29,0,3.1079E+15
31,Yucatán,79,Tekax,1,Tekax de Álvaro Obregón,557,2,60,27,0,3.1079E+15
31,Yucatán,79,Tekax,1,Tekax de Álvaro Obregón,557,3,55,25,,3.1079E+15
31,Yucatán,79,Tekax,1,Tekax de Álvaro Obregón,557,4,61,32,0,3.1079E+15
31,Yucatán,79,Tekax,1,Tekax de Álvaro Obregón,557,5,76,24,0,3.1079E+15
31,Yucatán,79,Tekax,1,Tekax de Álvaro Obregón,557,6,70,34,0,3.1079E+15
31,Yucatán,79,Tekax,1,Tekax de Álvaro Obregón,557,7,42,23,0,3.1079E+15
31,Yucatán,79,Tekax,1,Tekax de Álvaro Obregón,557,8,82,31,0,3.1079E+15
31,Yucatán,79,Tekax,1,Tekax de Álvaro Obregón,557,9,50,21,0,3.1079E+15
31,Yucatán,79,Tekax,1,Tekax de Álvaro Obregón,557,10,35,10,,3.1079E+15
31,Yucatán,79,Tekax,1,Tekax de Álvaro Obregón,557,11,10,,,3.1079E+15
31,Yucatán,79,Tekax,1,Tekax de Álvaro Obregón,557,12,31,10,0,3.1079E+15
31,Yucatán,79,Tekax,1,Tekax de Álvaro Obregón,557,13,89,38,,3.1079E+15
31,Yucatán,79,Tekax,1,Tekax de Álvaro Obregón,557,14,81,34,0,3.1079E+15
31,Yucatán,79,Tekax,1,Tekax de Álvaro Obregón,557,15,92,43,0,3.1079E+15
31,Yucatán,79,Tekax,1,Tekax de Álvaro Obregón,557,16,85,34,0,3.1079E+15
31,Yucatán,79,Tekax,1,Tekax de Álvaro Obregón,557,17,56,26,0,3.1079E+15
31,Yucatán,79,Tekax,1,Tekax de Álvaro Obregón,557,18,55,21,0,3.1079E+15
31,Yucatán,79,Tekax,1,Tekax de Álvaro Obregón,557,19,36,21,0,3.1079E+15
31,Yucatán,79,Tekax,1,Tekax de Álvaro Obregón,557,20,71,30,0,3.1079E+15
31,Yucatán,79,Tekax,1,Tekax de Álvaro Obregón,557,21,63,31,0,3.1079E+15
31,Yucatán,79,Tekax,1,Tekax de Álvaro Obregón,557,22,73,37,0,3.1079E+15
31,Yucatán,79,Tekax,1,Tekax de Álvaro Obregón,557,23,108,39,0,3.1079E+15
31,Yucatán,79,Tekax,1,Tekax de Álvaro Obregón,557,24,106,56,0,3.1079E+15
31,Yucatán,79,Tekax,1,Tekax de Álvaro Obregón,557,25,136,55,0,3.1079E+15
31,Yucatán,79,Tekax,1,Tekax de Álvaro Obregón,557,26,76,29,,3.1079E+15
31,Yucatán,79,Tekax,1,Tekax de Álvaro Obregón,557,27,64,30,0,3.1079E+15
31,Yucatán,79,Tekax,1,Tekax de Álvaro Obregón,557,28,84,36,0,3.1079E+15
31,Yucatán,79,Tekax,1,Tekax de Álvaro Obregón,557,29,21,10,0,3.1079E+15
31,Yucatán,79,Tekax,1,Tekax de Álvaro Obregón,557,30,71,31,0,3.1079E+15
31,Yucatán,79,Tekax,1,Tekax de Álvaro Obregón,557,31,30,17,0,3.1079E+15
31,Yucatán,79,Tekax,1,Tekax de Álvaro Obregón,557,32,92,37,0,3.1079E+15
31,Yucatán,79,Tekax,1,Tekax de Álvaro Obregón,557,33,96,51,0,3.1079E+15
31,Yucatán,79,Tekax,1,Tekax de Álvaro Obregón,557,34,82,39,0,3.1079E+15
31,Yucatán,79,Tekax,1,Tekax de Álvaro Obregón,557,35,34,14,0,3.1079E+15
31,Yucatán,79,Tekax,1,Tekax de Álvaro Obregón,557,36,57,26,0,3.1079E+15
31,Yucatán,79,Tekax,1,Tekax de Álvaro Obregón,557,37,126,60,,3.1079E+15
31,Yucatán,79,Tekax,1,Tekax de Álvaro Obregón,557,38,73,39,0,3.1079E+15
31,Yucatán,79,Tekax,1,Tekax de Álvaro Obregón,557,39,1,,,3.1079E+15
31,Yucatán,79,Tekax,1,Tekax de Álvaro Obregón,557,40,37,13,0,3.1079E+15
31,Yucatán,79,Tekax,1,Tekax de Álvaro Obregón,557,41,88,42,0,3.1079E+15
31,Yucatán,79,Tekax,1,Tekax de Álvaro Obregón,557,42,81,45,0,3.1079E+15
31,Yucatán,79,Tekax,1,Tekax de Álvaro Obregón,557,43,9,,,3.1079E+15
31,Yucatán,79,Tekax,1,Tekax de Álvaro Obregón,557,44,58,26,0,3.1079E+15
31,Yucatán,79,Tekax,1,Tekax de Álvaro Obregón,557,46,46,21,0,3.1079E+15
31,Yucatán,79,Tekax,1,Tekax de Álvaro Obregón,557,47,4,,,3.1079E+15
31,Yucatán,79,Tekax,1,Tekax de Álvaro Obregón,557,48,0,0,0,3.1079E+15
31,Yucatán,79,Tekax,1,Tekax de Álvaro Obregón,580,1,38,12,,3.1079E+15
31,Yucatán,79,Tekax,1,Tekax de Álvaro Obregón,580,2,133,48,,3.1079E+15
31,Yucatán,79,Tekax,1,Tekax de Álvaro Obregón,580,5,39,16,0,3.1079E+15
31,Yucatán,79,Tekax,1,Tekax de Álvaro Obregón,580,6,59,26,0,3.1079E+15
31,Yucatán,79,Tekax,1,Tekax de Álvaro Obregón,580,7,60,24,0,3.1079E+15
31,Yucatán,79,Tekax,1,Tekax de Álvaro Obregón,580,10,15,8,,3.1079E+15
31,Yucatán,79,Tekax,1,Tekax de Álvaro Obregón,580,11,35,11,0,3.1079E+15
31,Yucatán,79,Tekax,1,Tekax de Álvaro Obregón,580,12,0,0,0,3.1079E+15
31,Yucatán,79,Tekax,1,Tekax de Álvaro Obregón,580,13,58,18,0,3.1079E+15
31,Yucatán,79,Tekax,1,Tekax de Álvaro Obregón,580,14,46,25,0,3.1079E+15
31,Yucatán,79,Tekax,1,Tekax de Álvaro Obregón,580,15,0,0,0,3.1079E+15
31,Yucatán,79,Tekax,1,Tekax de Álvaro Obregón,580,16,82,37,0,3.1079E+15
31,Yucatán,79,Tekax,1,Tekax de Álvaro Obregón,580,17,113,51,0,3.1079E+15
31,Yucatán,79,Tekax,1,Tekax de Álvaro Obregón,580,18,33,19,0,3.1079E+15
31,Yucatán,79,Tekax,1,Tekax de Álvaro Obregón,580,19,29,12,,3.1079E+15
31,Yucatán,79,Tekax,1,Tekax de Álvaro Obregón,580,20,26,15,0,3.1079E+15
31,Yucatán,79,Tekax,1,Tekax de Álvaro Obregón,580,21,50,19,0,3.1079E+15
31,Yucatán,79,Tekax,1,Tekax de Álvaro Obregón,595,1,85,41,0,3.1079E+15
31,Yucatán,79,Tekax,1,Tekax de Álvaro Obregón,595,2,48,22,0,3.1079E+15
31,Yucatán,79,Tekax,1,Tekax de Álvaro Obregón,595,3,282,112,0,3.1079E+15
31,Yucatán,79,Tekax,1,Tekax de Álvaro Obregón,595,4,4,,,3.1079E+15
31,Yucatán,79,Tekax,1,Tekax de Álvaro Obregón,595,5,0,0,0,3.1079E+15
31,Yucatán,79,Tekax,1,Tekax de Álvaro Obregón,595,6,0,0,0,3.1079E+15
31,Yucatán,79,Tekax,1,Tekax de Álvaro Obregón,612,1,79,27,0,3.1079E+15
31,Yucatán,79,Tekax,1,Tekax de Álvaro Obregón,612,3,40,17,0,3.1079E+15
31,Yucatán,79,Tekax,1,Tekax de Álvaro Obregón,627,1,28,14,0,3.1079E+15
31,Yucatán,79,Tekax,1,Tekax de Álvaro Obregón,627,2,28,17,0,3.1079E+15
31,Yucatán,79,Tekax,1,Tekax de Álvaro Obregón,627,3,32,10,0,3.1079E+15
31,Yucatán,79,Tekax,1,Tekax de Álvaro Obregón,627,4,91,44,0,3.1079E+15
31,Yucatán,79,Tekax,1,Tekax de Álvaro Obregón,627,5,42,16,0,3.1079E+15
31,Yucatán,79,Tekax,1,Tekax de Álvaro Obregón,627,6,44,15,0,3.1079E+15
31,Yucatán,79,Tekax,1,Tekax de Álvaro Obregón,627,8,53,19,0,3.1079E+15
31,Yucatán,79,Tekax,1,Tekax de Álvaro Obregón,627,9,37,19,0,3.1079E+15
31,Yucatán,79,Tekax,1,Tekax de Álvaro Obregón,627,10,63,25,,3.1079E+15
31,Yucatán,79,Tekax,1,Tekax de Álvaro Obregón,627,11,18,8,0,3.1079E+15
31,Yucatán,79,Tekax,1,Tekax de Álvaro Obregón,627,12,26,14,0,3.1079E+15
31,Yucatán,79,Tekax,1,Tekax de Álvaro Obregón,627,13,50,22,0,3.1079E+15
31,Yucatán,79,Tekax,1,Tekax de Álvaro Obregón,627,14,19,11,0,3.1079E+15
31,Yucatán,79,Tekax,1,Tekax de Álvaro Obregón,627,15,0,0,0,3.1079E+15
31,Yucatán,79,Tekax,1,Tekax de Álvaro Obregón,627,16,3,,,3.1079E+15
31,Yucatán,79,Tekax,1,Tekax de Álvaro Obregón,627,17,1,,,3.1079E+15
31,Yucatán,79,Tekax,1,Tekax de Álvaro Obregón,627,18,3,,,3.1079E+15
31,Yucatán,79,Tekax,1,Tekax de Álvaro Obregón,627,19,9,,,3.1079E+15
31,Yucatán,79,Tekax,1,Tekax de Álvaro Obregón,627,20,0,0,0,3.1079E+15
31,Yucatán,79,Tekax,1,Tekax de Álvaro Obregón,627,21,0,0,0,3.1079E+15
31,Yucatán,79,Tekax,1,Tekax de Álvaro Obregón,627,22,2,,,3.1079E+15
31,Yucatán,79,Tekax,1,Tekax de Álvaro Obregón,627,23,0,0,0,3.1079E+15
31,Yucatán,79,Tekax,1,Tekax de Álvaro Obregón,627,24,8,,,3.1079E+15
31,Yucatán,79,Tekax,1,Tekax de Álvaro Obregón,627,25,49,17,,3.1079E+15
31,Yucatán,79,Tekax,1,Tekax de Álvaro Obregón,627,26,1,,,3.1079E+15
31,Yucatán,79,Tekax,1,Tekax de Álvaro Obregón,627,27,0,0,0,3.1079E+15
31,Yucatán,79,Tekax,1,Tekax de Álvaro Obregón,627,28,5,,,3.1079E+15
31,Yucatán,79,Tekax,1,Tekax de Álvaro Obregón,627,29,8,4,0,3.1079E+15
31,Yucatán,79,Tekax,1,Tekax de Álvaro Obregón,627,30,21,9,0,3.1079E+15
31,Yucatán,79,Tekax,1,Tekax de Álvaro Obregón,627,31,0,0,0,3.1079E+15
31,Yucatán,79,Tekax,1,Tekax de Álvaro Obregón,627,32,7,,,3.1079E+15
31,Yucatán,79,Tekax,1,Tekax de Álvaro Obregón,627,33,0,0,0,3.1079E+15
31,Yucatán,79,Tekax,1,Tekax de Álvaro Obregón,627,34,0,0,0,3.1079E+15
31,Yucatán,79,Tekax,1,Tekax de Álvaro Obregón,627,800,0,0,0,3.1079E+15
31,Yucatán,79,Tekax,1,Tekax de Álvaro Obregón,631,1,6,,,3.1079E+15
31,Yucatán,79,Tekax,1,Tekax de Álvaro Obregón,631,2,0,0,0,3.1079E+15
31,Yucatán,79,Tekax,1,Tekax de Álvaro Obregón,631,3,12,10,0,3.1079E+15
31,Yucatán,79,Tekax,1,Tekax de Álvaro Obregón,646,1,16,7,,3.1079E+15
31,Yucatán,79,Tekax,1,Tekax de Álvaro Obregón,646,2,13,6,0,3.1079E+15
31,Yucatán,79,Tekax,1,Tekax de Álvaro Obregón,646,3,40,16,0,3.1079E+15
31,Yucatán,79,Tekax,1,Tekax de Álvaro Obregón,646,4,26,12,0,3.1079E+15
31,Yucatán,79,Tekax,1,Tekax de Álvaro Obregón,646,6,0,0,0,3.1079E+15
31,Yucatán,79,Tekax,1,Tekax de Álvaro Obregón,646,7,17,6,0,3.1079E+15
31,Yucatán,79,Tekax,1,Tekax de Álvaro Obregón,646,8,8,3,0,3.1079E+15
31,Yucatán,79,Tekax,1,Tekax de Álvaro Obregón,650,1,12,3,0,3.1079E+15
31,Yucatán,79,Tekax,1,Tekax de Álvaro Obregón,650,2,23,9,0,3.1079E+15
31,Yucatán,79,Tekax,1,Tekax de Álvaro Obregón,650,3,21,9,0,3.1079E+15
31,Yucatán,79,Tekax,1,Tekax de Álvaro Obregón,650,4,0,0,0,3.1079E+15
31,Yucatán,79,Tekax,1,Tekax de Álvaro Obregón,067A,1,16,4,0,310790001067A001
31,Yucatán,79,Tekax,1,Tekax de Álvaro Obregón,067A,2,27,13,0,310790001067A002
31,Yucatán,79,Tekax,1,Tekax de Álvaro Obregón,067A,3,8,,,310790001067A003
31,Yucatán,79,Tekax,1,Tekax de Álvaro Obregón,067A,4,14,4,0,310790001067A004
31,Yucatán,79,Tekax,1,Tekax de Álvaro Obregón,067A,5,0,0,0,310790001067A005
31,Yucatán,79,Tekax,1,Tekax de Álvaro Obregón,720,1,63,36,0,3.1079E+15
31,Yucatán,79,Tekax,1,Tekax de Álvaro Obregón,735,1,18,6,0,3.1079E+15
31,Yucatán,79,Tekax,1,Tekax de Álvaro Obregón,735,2,17,8,0,3.1079E+15
31,Yucatán,79,Tekax,1,Tekax de Álvaro Obregón,074A,1,11,7,0,310790001074A001
31,Yucatán,79,Tekax,1,Tekax de Álvaro Obregón,074A,2,3,,,310790001074A002
31,Yucatán,79,Tekax,10,Kancab,684,1,58,33,0,3.1079E+15
31,Yucatán,79,Tekax,10,Kancab,684,2,31,13,0,3.1079E+15
31,Yucatán,79,Tekax,10,Kancab,684,3,70,28,0,3.1079E+15
31,Yucatán,79,Tekax,10,Kancab,684,4,54,27,0,3.1079E+15
31,Yucatán,79,Tekax,10,Kancab,684,5,58,23,0,3.1079E+15
31,Yucatán,79,Tekax,10,Kancab,684,6,53,23,0,3.1079E+15
31,Yucatán,79,Tekax,10,Kancab,684,7,74,37,0,3.1079E+15
31,Yucatán,79,Tekax,10,Kancab,684,8,22,8,0,3.1079E+15
31,Yucatán,79,Tekax,10,Kancab,684,9,33,13,0,3.1079E+15
31,Yucatán,79,Tekax,10,Kancab,684,10,61,33,0,3.1079E+15
31,Yucatán,79,Tekax,10,Kancab,684,11,70,32,0,3.1079E+15
31,Yucatán,79,Tekax,10,Kancab,684,12,46,25,0,3.1079E+15
31,Yucatán,79,Tekax,10,Kancab,684,13,73,25,0,3.1079E+15
31,Yucatán,79,Tekax,10,Kancab,684,14,51,20,0,3.1079E+15
31,Yucatán,79,Tekax,10,Kancab,684,15,74,30,0,3.1079E+15
31,Yucatán,79,Tekax,10,Kancab,684,16,38,21,0,3.1079E+15
31,Yucatán,79,Tekax,10,Kancab,684,17,0,0,0,3.1079E+15
31,Yucatán,79,Tekax,10,Kancab,684,18,47,23,0,3.1079E+15
31,Yucatán,79,Tekax,10,Kancab,684,19,38,13,0,3.1079E+15
31,Yucatán,79,Tekax,10,Kancab,684,20,0,0,0,3.1079E+15
31,Yucatán,79,Tekax,10,Kancab,684,21,55,19,0,3.1079E+15
31,Yucatán,79,Tekax,10,Kancab,684,22,111,60,0,3.1079E+15
31,Yucatán,79,Tekax,10,Kancab,684,23,56,22,0,3.1079E+15
31,Yucatán,79,Tekax,10,Kancab,684,24,93,74,0,3.1079E+15
31,Yucatán,79,Tekax,10,Kancab,684,25,94,64,0,3.1079E+15
31,Yucatán,79,Tekax,10,Kancab,684,26,0,0,0,3.1079E+15
31,Yucatán,79,Tekax,10,Kancab,684,27,53,26,0,3.1079E+15
31,Yucatán,79,Tekax,10,Kancab,684,28,52,17,0,3.1079E+15
31,Yucatán,79,Tekax,10,Kancab,684,29,25,8,0,3.1079E+15
31,Yucatán,79,Tekax,10,Kancab,684,30,110,38,0,3.1079E+15
31,Yucatán,79,Tekax,10,Kancab,684,31,30,7,0,3.1079E+15
31,Yucatán,79,Tekax,10,Kancab,684,32,38,14,0,3.1079E+15
31,Yucatán,79,Tekax,10,Kancab,684,33,11,,,3.1079E+15
31,Yucatán,79,Tekax,10,Kancab,684,34,37,19,0,3.1079E+15
31,Yucatán,79,Tekax,10,Kancab,684,35,2,,,3.1079E+15
31,Yucatán,79,Tekax,10,Kancab,684,36,18,15,0,3.1079E+15
31,Yucatán,79,Tekax,10,Kancab,684,37,62,27,0,3.1079E+15
31,Yucatán,79,Tekax,10,Kancab,684,38,0,0,0,3.1079E+15
31,Yucatán,79,Tekax,10,Kancab,684,39,0,0,0,3.1079E+15
31,Yucatán,79,Tekax,10,Kancab,684,40,36,20,0,3.1079E+15
31,Yucatán,79,Tekax,10,Kancab,684,41,52,29,0,3.1079E+15
31,Yucatán,79,Tekax,10,Kancab,684,42,13,5,0,3.1079E+15
31,Yucatán,79,Tekax,10,Kancab,684,43,0,0,0,3.1079E+15
31,Yucatán,79,Tekax,10,Kancab,699,1,71,37,0,3.1079E+15
31,Yucatán,79,Tekax,10,Kancab,699,2,49,27,0,3.1079E+15
31,Yucatán,79,Tekax,10,Kancab,699,3,75,42,0,3.1079E+15
31,Yucatán,79,Tekax,10,Kancab,699,4,60,20,0,3.1079E+15
31,Yucatán,79,Tekax,10,Kancab,699,5,81,32,0,3.1079E+15
31,Yucatán,79,Tekax,10,Kancab,699,6,39,15,0,3.1079E+15
31,Yucatán,79,Tekax,10,Kancab,699,7,67,24,,3.1079E+15
31,Yucatán,79,Tekax,10,Kancab,699,8,40,22,0,3.1079E+15
31,Yucatán,79,Tekax,10,Kancab,699,9,27,11,0,3.1079E+15
31,Yucatán,79,Tekax,10,Kancab,699,10,34,18,,3.1079E+15
31,Yucatán,79,Tekax,10,Kancab,699,11,79,28,0,3.1079E+15
31,Yucatán,79,Tekax,10,Kancab,699,12,72,44,0,3.1079E+15
31,Yucatán,79,Tekax,10,Kancab,699,13,106,75,0,3.1079E+15
31,Yucatán,79,Tekax,10,Kancab,699,14,45,21,0,3.1079E+15
31,Yucatán,79,Tekax,10,Kancab,699,18,3,,,3.1079E+15
31,Yucatán,79,Tekax,10,Kancab,699,20,24,14,0,3.1079E+15
31,Yucatán,79,Tekax,10,Kancab,699,21,43,22,0,3.1079E+15
31,Yucatán,79,Tekax,10,Kancab,699,22,56,27,0,3.1079E+15
31,Yucatán,79,Tekax,10,Kancab,699,23,40,19,0,3.1079E+15
31,Yucatán,79,Tekax,10,Kancab,699,24,41,23,0,3.1079E+15
31,Yucatán,79,Tekax,10,Kancab,699,25,29,8,0,3.1079E+15
31,Yucatán,79,Tekax,10,Kancab,699,30,22,12,0,3.1079E+15
31,Yucatán,79,Tekax,10,Kancab,699,31,14,6,0,3.1079E+15
31,Yucatán,79,Tekax,10,Kancab,699,32,56,16,0,3.1079E+15
31,Yucatán,79,Tekax,10,Kancab,699,33,45,24,0,3.1079E+15
31,Yucatán,79,Tekax,10,Kancab,699,34,36,13,,3.1079E+15
31,Yucatán,79,Tekax,10,Kancab,699,35,25,8,0,3.1079E+15
31,Yucatán,79,Tekax,10,Kancab,699,36,47,23,0,3.1079E+15
31,Yucatán,79,Tekax,10,Kancab,699,37,16,4,0,3.1079E+15
31,Yucatán,79,Tekax,10,Kancab,699,38,11,7,0,3.1079E+15
31,Yucatán,79,Tekax,10,Kancab,699,39,12,,0,3.1079E+15
31,Yucatán,79,Tekax,10,Kancab,699,41,24,9,0,3.1079E+15
31,Yucatán,79,Tekax,10,Kancab,699,42,0,0,0,3.1079E+15
31,Yucatán,79,Tekax,10,Kancab,699,800,5,,,3.1079E+15
31,Yucatán,79,Tekax,10,Kancab,754,1,4,,,3.1079E+15
31,Yucatán,79,Tekax,10,Kancab,769,1,30,12,0,3.1079E+15
